{
  "components": [
    {
      "bom-ref": "requirements-L1",
      "description": "requirements line 1: fastapi==0.115.6",
      "externalReferences": [
        {
          "comment": "implicit dist url",
          "type": "distribution",
          "url": "requirements.txt/fastapi/"
        }
      ],
      "name": "fastapi",
      "purl": "pkg:pypi/fastapi@0.115.6",
      "type": "library",
      "version": "0.115.6"
    },
    {
      "bom-ref": "requirements-L6",
      "description": "requirements line 6: google-cloud-vision==3.7.4",
      "externalReferences": [
        {
          "comment": "implicit dist url",
          "type": "distribution",
          "url": "requirements.txt/google-cloud-vision/"
        }
      ],
      "name": "google-cloud-vision",
      "purl": "pkg:pypi/google-cloud-vision@3.7.4",
      "type": "library",
      "version": "3.7.4"
    },
    {
      "bom-ref": "requirements-L3",
      "description": "requirements line 3: jinja2==3.1.4",
      "externalReferences": [
        {
          "comment": "implicit dist url",
          "type": "distribution",
          "url": "requirements.txt/jinja2/"
        }
      ],
      "name": "jinja2",
      "purl": "pkg:pypi/jinja2@3.1.4",
      "type": "library",
      "version": "3.1.4"
    },
    {
      "bom-ref": "requirements-L4",
      "description": "requirements line 4: python-multipart==0.0.12",
      "externalReferences": [
        {
          "comment": "implicit dist url",
          "type": "distribution",
          "url": "requirements.txt/python-multipart/"
        }
      ],
      "name": "python-multipart",
      "purl": "pkg:pypi/python-multipart@0.0.12",
      "type": "library",
      "version": "0.0.12"
    },
    {
      "bom-ref": "requirements-L5",
      "description": "requirements line 5: requests==2.32.3",
      "externalReferences": [
        {
          "comment": "implicit dist url",
          "type": "distribution",
          "url": "requirements.txt/requests/"
        }
      ],
      "name": "requests",
      "purl": "pkg:pypi/requests@2.32.3",
      "type": "library",
      "version": "2.32.3"
    },
    {
      "bom-ref": "requirements-L2",
      "description": "requirements line 2: uvicorn[standard]==0.32.1",
      "externalReferences": [
        {
          "comment": "implicit dist url",
          "type": "distribution",
          "url": "requirements.txt/uvicorn/"
        }
      ],
      "name": "uvicorn",
      "properties": [
        {
          "name": "cdx:python:package:required-extra",
          "value": "standard"
        }
      ],
      "purl": "pkg:pypi/uvicorn@0.32.1",
      "type": "library",
      "version": "0.32.1"
    }
  ],
  "dependencies": [
    {
      "ref": "requirements-L1"
    },
    {
      "ref": "requirements-L2"
    },
    {
      "ref": "requirements-L3"
    },
    {
      "ref": "requirements-L4"
    },
    {
      "ref": "requirements-L5"
    },
    {
      "ref": "requirements-L6"
    }
  ],
  "metadata": {
    "timestamp": "2025-12-21T07:06:32.901860+00:00",
    "tools": {
      "components": [
        {
          "description": "CycloneDX Software Bill of Materials (SBOM) generator for Python projects and environments",
          "externalReferences": [
            {
              "type": "build-system",
              "url": "https://github.com/CycloneDX/cyclonedx-python/actions"
            },
            {
              "type": "distribution",
              "url": "https://pypi.org/project/cyclonedx-bom/"
            },
            {
              "type": "documentation",
              "url": "https://cyclonedx-bom-tool.readthedocs.io/"
            },
            {
              "type": "issue-tracker",
              "url": "https://github.com/CycloneDX/cyclonedx-python/issues"
            },
            {
              "type": "license",
              "url": "https://github.com/CycloneDX/cyclonedx-python/blob/main/LICENSE"
            },
            {
              "type": "release-notes",
              "url": "https://github.com/CycloneDX/cyclonedx-python/blob/main/CHANGELOG.md"
            },
            {
              "type": "vcs",
              "url": "https://github.com/CycloneDX/cyclonedx-python/"
            },
            {
              "type": "website",
              "url": "https://github.com/CycloneDX/cyclonedx-python/#readme"
            }
          ],
          "group": "CycloneDX",
          "licenses": [
            {
              "license": {
                "acknowledgement": "declared",
                "id": "Apache-2.0"
              }
            }
          ],
          "name": "cyclonedx-py",
          "type": "application",
          "version": "7.2.1"
        },
        {
          "description": "Python library for CycloneDX",
          "externalReferences": [
            {
              "type": "build-system",
              "url": "https://github.com/CycloneDX/cyclonedx-python-lib/actions"
            },
            {
              "type": "distribution",
              "url": "https://pypi.org/project/cyclonedx-python-lib/"
            },
            {
              "type": "documentation",
              "url": "https://cyclonedx-python-library.readthedocs.io/"
            },
            {
              "type": "issue-tracker",
              "url": "https://github.com/CycloneDX/cyclonedx-python-lib/issues"
            },
            {
              "type": "license",
              "url": "https://github.com/CycloneDX/cyclonedx-python-lib/blob/main/LICENSE"
            },
            {
              "type": "release-notes",
              "url": "https://github.com/CycloneDX/cyclonedx-python-lib/blob/main/CHANGELOG.md"
            },
            {
              "type": "vcs",
              "url": "https://github.com/CycloneDX/cyclonedx-python-lib"
            },
            {
              "type": "website",
              "url": "https://github.com/CycloneDX/cyclonedx-python-lib/#readme"
            }
          ],
          "group": "CycloneDX",
          "licenses": [
            {
              "license": {
                "acknowledgement": "declared",
                "id": "Apache-2.0"
              }
            }
          ],
          "name": "cyclonedx-python-lib",
          "type": "library",
          "version": "11.6.0"
        }
      ]
    }
  },
  "serialNumber": "urn:uuid:56357c1d-e4b7-404d-b114-dc146df2df8f",
  "version": 1,
  "$schema": "http://cyclonedx.org/schema/bom-1.6.schema.json",
  "bomFormat": "CycloneDX",
  "specVersion": "1.6"
}